A-02-01,A-2-1 
A-02-03,A-2-3 
A-02-05,A-2-5 
A-02-07,A-2-7 
A-02-09,A-2-9 
A-02-11,A-2-11
A-02-13,A-2-13 
A-02-02,A-2-2 
A-02-02A,A-2-2A
A-02-06,A-2-6 
A-02-08,A-2-8 
A-02-10,A-2-10 
A-02-12,A-2-12 
A-02-12A,A-2-12A
A-03-01,A-3-1 
A-03-03,A-3-3 
A-03-05,A-3-5
A-03-07,A-3-7
A-03-09,A-3-9 
A-03-11,A-3-11 
A-03-13,A-3-13 
A-03-02,A-3-2 
A-03-02A,A-3-2A
A-03-06,A-3-6 
A-03-08,A-3-8 
A-03-10,A-3-10 
A-03-12,A-3-12 
A-03-12A,A-3-12A
A-03A-01,A-3A-1 
A-03A-03,A-3A-3 
A-03A-05,A-3A-5 
A-03A-07,A-3A-7 
A-03A-09,A-3A-9
A-03A-11,A-3A-11
A-03A-13,A-3A-13
A-03A-02 ,A-3A-2
A-03A-02A ,A-3A-2A
A-03A-06 ,A-3A-6
A-03A-08 ,A-3A-8
A-03A-10 ,A-3A-10
A-03A-12 ,A-3A-12
A-03A-12A ,A-3A-12A
A-05-01,A-5-1
A-05-03,A-5-3
A-05-05,A-5-5
A-05-07,A-5-7
A-05-09,A-5-9
A-05-11,A-5-11
A-05-13 ,A-5-13 
A-05-02 ,A-5-2 
A-05-02A ,A-5-2A 
A-05-06 ,A-5-6 
A-05-08 ,A-5-8 
A-05-10 ,A-5-10 
A-05-12,A-5-12
A-05-12A ,A-5-12A 
A-06-01 ,A-6-1 
A-06-03 ,A-6-3 
A-06-05,A-6-5
A-06-07,A-6-7
A-06-09 ,A-6-9 
A-06-11,A-6-11
A-06-13,A-6-13
A-06-02 ,A-6-2 
A-06-02A,A-6-2A
A-06-06,A-6-6
A-06-08,A-6-8
A-06-10 ,A-6-10 
A-06-12,A-6-12
A-06-12A,A-6-12A
A-07-01,A-7-1
A-07-03,A-7-3
A-07-05,A-7-5
A-07-07 ,A-7-7 
A-07-09 ,A-7-9 
A-07-11 ,A-7-11 
A-07-13,A-7-13
A-07-02 ,A-7-2 
A-07-02A ,A-7-2A 
A-07-06,A-7-6
A-07-08,A-7-8
A-07-10,A-7-10
A-07-12,A-7-12
A-07-12A,A-7-12A
A-08-01,A-8-1
A-08-03,A-8-3
A-08-05,A-8-5
A-08-07 ,A-8-7 
A-08-09 ,A-8-9 
A-08-11,A-8-11
A-08-13 ,A-8-13 
A-08-02 ,A-8-2 
A-08-02A ,A-8-2A 
A-08-06 ,A-8-6 
A-08-08 ,A-8-8 
A-08-10,A-8-10
A-08-12 ,A-8-12 
A-08-12A ,A-8-12A 
A-09-01 ,A-9-1 
A-09-03 ,A-9-3 
A-09-05 ,A-9-5 
A-09-07 ,A-9-7 
A-09-09 ,A-9-9 
A-09-11 ,A-9-11 
A-09-13 ,A-9-13 
A-09-02 ,A-9-2 
A-09-02A ,A-9-2A 
A-09-06 ,A-9-6 
A-09-08 ,A-9-8 
A-09-10 ,A-9-10 
A-09-12 ,A-9-12 
A-09-12A ,A-9-12A 
A-10-01 ,A-10-1 
A-10-03 ,A-10-3 
A-10-05 ,A-10-5 
A-10-07 ,A-10-7 
A-10-09 ,A-10-9 
A-10-11 ,A-10-11 
A-10-13 ,A-10-13 
A-10-02 ,A-10-2 
A-10-02A ,A-10-2A 
A-10-06 ,A-10-6 
A-10-08 ,A-10-8 
A-10-10 ,A-10-10 
A-10-12 ,A-10-12 
A-10-12A ,A-10-12A 
A-11-01 ,A-11-1 
A-11-03 ,A-11-3 
A-11-05 ,A-11-5 
A-11-07 ,A-11-7 
A-11-09 ,A-11-9 
A-11-11,A-11-11
A-11-13 ,A-11-13 
A-11-02 ,A-11-2 
A-11-02A,A-11-2A
A-11-06 ,A-11-6 
A-11-08 ,A-11-8 
A-11-10 ,A-11-10 
A-11-12 ,A-11-12 
A-11-12A ,A-11-12A 
A-12-01 ,A-12-1 
A-12-03 ,A-12-3 
A-12-05 ,A-12-5 
A-12-07 ,A-12-7 
A-12-09 ,A-12-9 
A-12-11,A-12-11
A-12-13 ,A-12-13 
A-12-02,A-12-2
A-12-02A,A-12-2A
A-12-06,A-12-6
A-12-08,A-12-8
A-12-10,A-12-10
A-12-12 ,A-12-12 
A-12-12A ,A-12-12A 
A-13-01 ,A-13-1 
A-13-03 ,A-13-3 
A-13-05 ,A-13-5 
A-13-07 ,A-13-7 
A-13-09 ,A-13-9 
A-13-11 ,A-13-11 
A-13-13 ,A-13-13 
A-13-02 ,A-13-2 
A-13-02A ,A-13-2A 
A-13-06 ,A-13-6 
A-13-08 ,A-13-8 
A-13-10 ,A-13-10 
A-13-12 ,A-13-12 
A-13-12A ,A-13-12A 
A-13A-01 ,A-13A-1 
A-13A-03 ,A-13A-3 
A-13A-05 ,A-13A-5 
A-13A-07 ,A-13A-7 
A-13A-09 ,A-13A-9 
A-13A-11 ,A-13A-11 
A-13A-13 ,A-13A-13 
A-13A-02 ,A-13A-2 
A-13A-02A ,A-13A-2A 
A-13A-06 ,A-13A-6 
A-13A-08 ,A-13A-8 
A-13A-10 ,A-13A-10 
A-13A-12 ,A-13A-12 
A-13A-12A ,A-13A-12A 
A-15-01 ,A-15-1 
A-15-03 ,A-15-3 
A-15-05 ,A-15-5 
A-15-07 ,A-15-7 
A-15-09 ,A-15-9 
A-15-11 ,A-15-11 
A-15-13,A-15-13
A-15-02 ,A-15-2 
A-15-02A,A-15-2A
A-15-06 ,A-15-6 
A-15-08,A-15-8
A-15-10 ,A-15-10 
A-15-12,A-15-12
A-15-12A,A-15-12A
A-16-01,A-16-1
A-16-03,A-16-3
A-16-05 ,A-16-5 
A-16-07 ,A-16-7 
A-16-09 ,A-16-9 
A-16-11 ,A-16-11 
A-16-13,A-16-13
A-16-02,A-16-2
A-16-02A,A-16-2A
A-16-06,A-16-6
A-16-08,A-16-8
A-16-10 ,A-16-10 
A-16-12,A-16-12
A-16-12A,A-16-12A
A-17-01 ,A-17-1 
A-17-03 ,A-17-3 
A-17-05,A-17-5
A-17-07 ,A-17-7 
A-17-09,A-17-9
A-17-11 ,A-17-11 
A-17-13 ,A-17-13 
A-17-02 ,A-17-2 
A-17-02A ,A-17-2A 
A-17-06 ,A-17-6 
A-17-08 ,A-17-8 
A-17-10 ,A-17-10 
A-17-12 ,A-17-12 
A-17-12A ,A-17-12A 
A-18-01 ,A-18-1 
A-18-03 ,A-18-3 
A-18-05 ,A-18-5 
A-18-07 ,A-18-7 
A-18-09 ,A-18-9 
A-18-11 ,A-18-11 
A-18-13 ,A-18-13 
A-18-02 ,A-18-2 
A-18-02A ,A-18-2A 
A-18-06 ,A-18-6 
A-18-08 ,A-18-8 
A-18-10 ,A-18-10 
A-18-12 ,A-18-12 
A-18-12A ,A-18-12A 
B-02-09 ,B-2-9 
B-02-11 ,B-2-11 
B-02-13 ,B-2-13 
B-02-10 ,B-2-10 
B-02-12 ,B-2-12 
B-02-12A,B-2-12A
B-03-01,B-3-1
B-03-03 ,B-3-3 
B-03-05,B-3-5
B-03-07,B-3-7
B-03-09,B-3-9
B-03-11,B-3-11
B-03-13,B-3-13
B-03-02 ,B-3-2 
B-03-02A,B-3-2A
B-03-06,B-3-6
B-03-08,B-3-8
B-03-10,B-3-10
B-03-12,B-3-12
B-03-12A,B-3-12A
B-03A-01,B-3A-1
B-03A-03,B-3A-3
B-03A-05 ,B-3A-5 
B-03A-07,B-3A-7
B-03A-09,B-3A-9
B-03A-11,B-3A-11
B-03A-13,B-3A-13
B-03A-02,B-3A-2
B-03A-02A,B-3A-2A
B-03A-06 ,B-3A-6 
B-03A-08 ,B-3A-8 
B-03A-10,B-3A-10
B-03A-12,B-3A-12
B-03A-12A,B-3A-12A
B-05-01,B-5-1
B-05-03,B-5-3
B-05-05 ,B-5-5 
B-05-07,B-5-7
B-05-09,B-5-9
B-05-11,B-5-11
B-05-13,B-5-13
B-05-02,B-5-2
B-05-02A,B-5-2A
B-05-06 ,B-5-6 
B-05-08,B-5-8
B-05-10,B-5-10
B-05-12,B-5-12
B-05-12A,B-5-12A
B-06-01 ,B-6-1 
B-06-03,B-6-3
B-06-05 ,B-6-5 
B-06-07,B-6-7
B-06-09 ,B-6-9 
B-06-11,B-6-11
B-06-13 ,B-6-13 
B-06-02,B-6-2
B-06-02A,B-6-2A
B-06-06,B-6-6
B-06-08 ,B-6-8 
B-06-10,B-6-10
B-06-12,B-6-12
B-06-12A,B-6-12A
B-07-01 ,B-7-1 
B-07-03,B-7-3
B-07-05,B-7-5
B-07-07,B-7-7
B-07-09,B-7-9
B-07-11,B-7-11
B-07-13,B-7-13
B-07-02 ,B-7-2 
B-07-02A,B-7-2A
B-07-06,B-7-6
B-07-08 ,B-7-8 
B-07-10,B-7-10
B-07-12,B-7-12
B-07-12A ,B-7-12A 
B-08-01,B-8-1
B-08-03 ,B-8-3 
B-08-05 ,B-8-5 
B-08-07,B-8-7
B-08-09,B-8-9
B-08-11,B-8-11
B-08-13,B-8-13
B-08-02 ,B-8-2 
B-08-02A,B-8-2A
B-08-06 ,B-8-6 
B-08-08,B-8-8
B-08-10 ,B-8-10 
B-08-12 ,B-8-12 
B-08-12A,B-8-12A
B-09-01,B-9-1
B-09-03,B-9-3
B-09-05,B-9-5
B-09-07,B-9-7
B-09-09,B-9-9
B-09-11,B-9-11
B-09-13,B-9-13
B-09-02,B-9-2
B-09-02A,B-9-2A
B-09-06,B-9-6
B-09-08,B-9-8
B-09-10 ,B-9-10 
B-09-12,B-9-12
B-09-12A,B-9-12A
B-10-01,B-10-1
B-10-03,B-10-3
B-10-05,B-10-5
B-10-07,B-10-7
B-10-09,B-10-9
B-10-11 ,B-10-11 
B-10-13 ,B-10-13 
B-10-02,B-10-2
B-10-02A,B-10-2A
B-10-06 ,B-10-6 
B-10-08,B-10-8
B-10-10 ,B-10-10 
B-10-12,B-10-12
B-10-12A,B-10-12A
B-11-01,B-11-1
B-11-03,B-11-3
B-11-05 ,B-11-5 
B-11-07 ,B-11-7 
B-11-09,B-11-9
B-11-11 ,B-11-11 
B-11-13 ,B-11-13 
B-11-02 ,B-11-2 
B-11-02A,B-11-2A
B-11-06 ,B-11-6 
B-11-08 ,B-11-8 
B-11-10,B-11-10
B-11-12,B-11-12
B-11-12A,B-11-12A
B-12-01,B-12-1
B-12-03,B-12-3
B-12-05,B-12-5
B-12-07 ,B-12-7 
B-12-09 ,B-12-9 
B-12-11,B-12-11
B-12-13 ,B-12-13 
B-12-02 ,B-12-2 
B-12-02A,B-12-2A
B-12-06,B-12-6
B-12-08,B-12-8
B-12-10 ,B-12-10 
B-12-12,B-12-12
B-12-12A,B-12-12A
B-13-01,B-13-1
B-13-03,B-13-3
B-13-05 ,B-13-5 
B-13-07,B-13-7
B-13-09,B-13-9
B-13-11,B-13-11
B-13-13 ,B-13-13 
B-13-02 ,B-13-2 
B-13-02A ,B-13-2A 
B-13-06,B-13-6
B-13-08 ,B-13-8 
B-13-10,B-13-10
B-13-12 ,B-13-12 
B-13-12A,B-13-12A
B-13A-01,B-13A-1
B-13A-03,B-13A-3
B-13A-05,B-13A-5
B-13A-07,B-13A-7
B-13A-09 ,B-13A-9 
B-13A-11,B-13A-11
B-13A-13,B-13A-13
B-13A-02 ,B-13A-2 
B-13A-02A,B-13A-2A
B-13A-06 ,B-13A-6 
B-13A-08 ,B-13A-8 
B-13A-10,B-13A-10
B-13A-12 ,B-13A-12 
B-13A-12A,B-13A-12A
B-15-01 ,B-15-1 
B-15-03 ,B-15-3 
B-15-05 ,B-15-5 
B-15-07 ,B-15-7 
B-15-09 ,B-15-9 
B-15-11,B-15-11
B-15-13 ,B-15-13 
B-15-02 ,B-15-2 
B-15-02A ,B-15-2A 
B-15-06 ,B-15-6 
B-15-08 ,B-15-8 
B-15-10 ,B-15-10 
B-15-12 ,B-15-12 
B-15-12A ,B-15-12A 
B-16-01 ,B-16-1 
B-16-03 ,B-16-3 
B-16-05 ,B-16-5 
B-16-07 ,B-16-7 
B-16-09 ,B-16-9 
B-16-11 ,B-16-11 
B-16-13 ,B-16-13 
B-16-02 ,B-16-2 
B-16-02A ,B-16-2A 
B-16-06 ,B-16-6 
B-16-08 ,B-16-8 
B-16-10 ,B-16-10 
B-16-12 ,B-16-12 
B-16-12A ,B-16-12A 
B-17-01 ,B-17-1 
B-17-03,B-17-3
B-17-05,B-17-5
B-17-07 ,B-17-7 
B-17-09 ,B-17-9 
B-17-11 ,B-17-11 
B-17-13 ,B-17-13 
B-17-02 ,B-17-2 
B-17-02A ,B-17-2A 
B-17-06 ,B-17-6 
B-17-08 ,B-17-8 
B-17-10 ,B-17-10 
B-17-12 ,B-17-12 
B-17-12A ,B-17-12A 
B-18-01 ,B-18-1 
B-18-03 ,B-18-3 
B-18-05 ,B-18-5 
B-18-07 ,B-18-7 
B-18-09 ,B-18-9 
B-18-11,B-18-11
B-18-13 ,B-18-13 
B-18-02 ,B-18-2 
B-18-02A ,B-18-2A 
B-18-06 ,B-18-6 
B-18-08 ,B-18-8 
B-18-10 ,B-18-10 
B-18-12 ,B-18-12 
B-18-12A ,B-18-12A 
B-19-01 ,B-19-1 
B-19-03 ,B-19-3 
B-19-05 ,B-19-5 
B-19-07 ,B-19-7 
B-19-09 ,B-19-9 
B-19-11 ,B-19-11 
B-19-13 ,B-19-13 
B-19-02 ,B-19-2 
B-19-02A ,B-19-2A 
B-19-06 ,B-19-6 
B-19-08 ,B-19-8 
B-19-10 ,B-19-10 
B-19-12,B-19-12
B-19-12A ,B-19-12A 
